﻿Designator,Footprint,Quantity,Value,LCSC Part #
A2,Arduino_Mega2560_R3_Shield,1,Arduino_Mega2560_R3_Shield,
"C16, C17, C18, C19, C20, C21, C22, C23, C24, C25, C26, C27, C28, C29",C_Disc_D4.3mm_W1.9mm_P5.00mm,14,0.1uF,
"D3, D4",LED_D3.0mm,2,LED,
DRV8833,OZ_Hornet_DRV8833,1,DRV8833,
"H1, H2, H3, H4, H5, H6",MountingHole_3.2mm_M3,6,MountingHole,
J1,Molex_KK-254_AE-6410-06A_1x06_P2.54mm_Vertical,1,FIRE TEST,
"J12, J14, J20, J22, J23, J9",Molex_KK-254_AE-6410-02A_1x02_P2.54mm_Vertical,6,12v-BK/LT,
"J13, J3, J7",IDC-Header_2x07_P2.54mm_Vertical,3,Conn_02x07_Top_Bottom,
J15,Molex_KK-254_AE-6410-06A_1x06_P2.54mm_Vertical,1,EJECTION SEAT,
"J16, J19, J8",PinHeader_1x03_P2.54mm_Vertical,3,Conn_01x03_Pin,
"J17, J2, J21, J25",IDC-Header_2x05_P2.54mm_Vertical,4,Conn_02x05_Counter_Clockwise,
J18,PinHeader_1x03_P2.54mm_Vertical,1,MAG VOLT SEL,
J4,BarrelJack_Horizontal,1,5V IN,
J5,BarrelJack_Horizontal,1,STEPPER IN 12-20VDC,
J6,IDC-Header_2x13_P2.54mm_Vertical,1,Conn_02x13_Counter_Clockwise,
"Q1, Q2, Q3",TO-220-3_Vertical,3,IRF1405PBF,
"R10, R11, R12, R13, R14, R4, R5, R6, R7, R8, R9",R_Axial_DIN0207_L6.3mm_D2.5mm_P2.54mm_Vertical,11,R_US,
"R15, R19, R21, R3",R_Axial_DIN0204_L3.6mm_D1.6mm_P2.54mm_Vertical,4,10K,
R16,R_Axial_DIN0204_L3.6mm_D1.6mm_P2.54mm_Vertical,1,500,
R17,R_Axial_DIN0204_L3.6mm_D1.6mm_P2.54mm_Vertical,1,2000,
"R18, R2, R20",R_Axial_DIN0204_L3.6mm_D1.6mm_P2.54mm_Vertical,3,330,
U2,DIP-16_W7.62mm,1,12V ULN2003A,
