<?xml version="1.0" encoding="UTF-8"?>
<export version="D">
  <design>
    <source>/Users/peterthomas/Documents/GitHub/bne-arduino-flight-simulator-interfaces/PCBs/OH - Left Console - Input Distribution/OH - Left Console - Input Distribution.sch</source>
    <date>Sunday, 14 March 2021 at 01:45:22 pm</date>
    <tool>Eeschema (5.1.5-0-10_14)</tool>
    <sheet number="1" name="/" tstamps="/">
      <title_block>
        <title/>
        <company/>
        <rev/>
        <date/>
        <source>OH - Left Console - Input Distribution.sch</source>
        <comment number="1" value=""/>
        <comment number="2" value=""/>
        <comment number="3" value=""/>
        <comment number="4" value=""/>
      </title_block>
    </sheet>
  </design>
  <components>
    <comp ref="J1">
      <value>2. GND POWER </value>
      <footprint>PT_Library_v001:Molex_1x08_P2.54mm_Vertical</footprint>
      <datasheet>~</datasheet>
      <libsource lib="Connector" part="Conn_01x08_Female" description="Generic connector, single row, 01x08, script generated (kicad-library-utils/schlib/autogen/connector/)"/>
      <sheetpath names="/" tstamps="/"/>
      <tstamp>5FE0AB8F</tstamp>
    </comp>
    <comp ref="J2">
      <value>4. EXT LIGHTS ANALOG</value>
      <footprint>PT_Library_v001:Molex_1x04_P2.54mm_Vertical</footprint>
      <datasheet>~</datasheet>
      <libsource lib="Connector" part="Conn_01x04_Female" description="Generic connector, single row, 01x04, script generated (kicad-library-utils/schlib/autogen/connector/)"/>
      <sheetpath names="/" tstamps="/"/>
      <tstamp>5FE1082E</tstamp>
    </comp>
    <comp ref="J3">
      <value>4. EXT LIGHTS</value>
      <footprint>PT_Library_v001:Molex_1x04_P2.54mm_Vertical</footprint>
      <datasheet>~</datasheet>
      <libsource lib="Connector" part="Conn_01x04_Female" description="Generic connector, single row, 01x04, script generated (kicad-library-utils/schlib/autogen/connector/)"/>
      <sheetpath names="/" tstamps="/"/>
      <tstamp>5FE1268F</tstamp>
    </comp>
    <comp ref="J5">
      <value>FCS</value>
      <footprint>PT_Library_v001:Molex_1x04_P2.54mm_Vertical</footprint>
      <datasheet>~</datasheet>
      <libsource lib="Connector" part="Conn_01x04_Female" description="Generic connector, single row, 01x04, script generated (kicad-library-utils/schlib/autogen/connector/)"/>
      <sheetpath names="/" tstamps="/"/>
      <tstamp>5FE1638F</tstamp>
    </comp>
    <comp ref="J4">
      <value>6. FCS ANALOG</value>
      <footprint>PT_Library_v001:Molex_1x03_P2.54mm_Vertical</footprint>
      <datasheet>~</datasheet>
      <libsource lib="Connector" part="Conn_01x03_Female" description="Generic connector, single row, 01x03, script generated (kicad-library-utils/schlib/autogen/connector/)"/>
      <sheetpath names="/" tstamps="/"/>
      <tstamp>5FE18797</tstamp>
    </comp>
    <comp ref="J7">
      <value>7. COM ANALOG</value>
      <footprint>PT_Library_v001:Molex_1x10_P2.54mm_Vertical</footprint>
      <datasheet>~</datasheet>
      <libsource lib="Connector" part="Conn_01x10_Female" description="Generic connector, single row, 01x10, script generated (kicad-library-utils/schlib/autogen/connector/)"/>
      <sheetpath names="/" tstamps="/"/>
      <tstamp>5FDEA1B4</tstamp>
    </comp>
    <comp ref="J9">
      <value>7. COM_ROWS</value>
      <footprint>PT_Library_v001:Molex_1x10_P2.54mm_Vertical</footprint>
      <datasheet>~</datasheet>
      <libsource lib="Connector" part="Conn_01x10_Female" description="Generic connector, single row, 01x10, script generated (kicad-library-utils/schlib/autogen/connector/)"/>
      <sheetpath names="/" tstamps="/"/>
      <tstamp>5FDF1152</tstamp>
    </comp>
    <comp ref="J8">
      <value>7. COM_COLUMNS</value>
      <footprint>PT_Library_v001:Molex_1x03_P2.54mm_Vertical</footprint>
      <datasheet>~</datasheet>
      <libsource lib="Connector" part="Conn_01x03_Female" description="Generic connector, single row, 01x03, script generated (kicad-library-utils/schlib/autogen/connector/)"/>
      <sheetpath names="/" tstamps="/"/>
      <tstamp>5FDF3E63</tstamp>
    </comp>
    <comp ref="J10">
      <value>8. LOX ANALOG</value>
      <footprint>PT_Library_v001:Molex_1x03_P2.54mm_Vertical</footprint>
      <datasheet>~</datasheet>
      <libsource lib="Connector" part="Conn_01x03_Female" description="Generic connector, single row, 01x03, script generated (kicad-library-utils/schlib/autogen/connector/)"/>
      <sheetpath names="/" tstamps="/"/>
      <tstamp>5FDE7EBB</tstamp>
    </comp>
    <comp ref="J11">
      <value>8. LOX </value>
      <footprint>PT_Library_v001:Molex_1x03_P2.54mm_Vertical</footprint>
      <datasheet>~</datasheet>
      <libsource lib="Connector" part="Conn_01x03_Female" description="Generic connector, single row, 01x03, script generated (kicad-library-utils/schlib/autogen/connector/)"/>
      <sheetpath names="/" tstamps="/"/>
      <tstamp>5FDE8E05</tstamp>
    </comp>
    <comp ref="J6">
      <value>12. MISSION COMPUTER</value>
      <footprint>PT_Library_v001:Molex_1x04_P2.54mm_Vertical</footprint>
      <datasheet>~</datasheet>
      <libsource lib="Connector" part="Conn_01x04_Female" description="Generic connector, single row, 01x04, script generated (kicad-library-utils/schlib/autogen/connector/)"/>
      <sheetpath names="/" tstamps="/"/>
      <tstamp>5FDEB4FC</tstamp>
    </comp>
    <comp ref="J12">
      <value>13. ANTENNA SEL</value>
      <footprint>PT_Library_v001:Molex_1x04_P2.54mm_Vertical</footprint>
      <datasheet>~</datasheet>
      <libsource lib="Connector" part="Conn_01x04_Female" description="Generic connector, single row, 01x04, script generated (kicad-library-utils/schlib/autogen/connector/)"/>
      <sheetpath names="/" tstamps="/"/>
      <tstamp>5FDED7E7</tstamp>
    </comp>
    <comp ref="J13">
      <value>14. APU</value>
      <footprint>PT_Library_v001:Molex_1x04_P2.54mm_Vertical</footprint>
      <datasheet>~</datasheet>
      <libsource lib="Connector" part="Conn_01x04_Female" description="Generic connector, single row, 01x04, script generated (kicad-library-utils/schlib/autogen/connector/)"/>
      <sheetpath names="/" tstamps="/"/>
      <tstamp>5FDEF5D2</tstamp>
    </comp>
    <comp ref="J14">
      <value>18. ESS BREAKER</value>
      <footprint>PT_Library_v001:Molex_1x06_P2.54mm_Vertical</footprint>
      <datasheet>~</datasheet>
      <libsource lib="Connector" part="Conn_01x06_Female" description="Generic connector, single row, 01x06, script generated (kicad-library-utils/schlib/autogen/connector/)"/>
      <sheetpath names="/" tstamps="/"/>
      <tstamp>5FDF3E24</tstamp>
    </comp>
    <comp ref="J15">
      <value>EJECTION SEAT</value>
      <footprint>PT_Library_v001:Molex_1x06_P2.54mm_Vertical</footprint>
      <datasheet>~</datasheet>
      <libsource lib="Connector" part="Conn_01x06_Female" description="Generic connector, single row, 01x06, script generated (kicad-library-utils/schlib/autogen/connector/)"/>
      <sheetpath names="/" tstamps="/"/>
      <tstamp>5FDF65F7</tstamp>
    </comp>
    <comp ref="J16">
      <value>5. FUEL</value>
      <footprint>PT_Library_v001:Molex_1x06_P2.54mm_Vertical</footprint>
      <datasheet>~</datasheet>
      <libsource lib="Connector" part="Conn_01x06_Female" description="Generic connector, single row, 01x06, script generated (kicad-library-utils/schlib/autogen/connector/)"/>
      <sheetpath names="/" tstamps="/"/>
      <tstamp>5FDF8986</tstamp>
    </comp>
    <comp ref="J17">
      <value>32. SEL JET</value>
      <footprint>PT_Library_v001:Molex_1x08_P2.54mm_Vertical</footprint>
      <datasheet>~</datasheet>
      <libsource lib="Connector" part="Conn_01x08_Female" description="Generic connector, single row, 01x08, script generated (kicad-library-utils/schlib/autogen/connector/)"/>
      <sheetpath names="/" tstamps="/"/>
      <tstamp>5FE1953B</tstamp>
    </comp>
    <comp ref="J18">
      <value>31. LANDING GEAR</value>
      <footprint>PT_Library_v001:Molex_1x04_P2.54mm_Vertical</footprint>
      <datasheet>~</datasheet>
      <libsource lib="Connector" part="Conn_01x04_Female" description="Generic connector, single row, 01x04, script generated (kicad-library-utils/schlib/autogen/connector/)"/>
      <sheetpath names="/" tstamps="/"/>
      <tstamp>5FDF7415</tstamp>
    </comp>
    <comp ref="J21">
      <value>ANALOG_A</value>
      <footprint>PT_Library_v001:Molex_1x08_P2.54mm_Vertical</footprint>
      <datasheet>~</datasheet>
      <libsource lib="Connector" part="Conn_01x08_Female" description="Generic connector, single row, 01x08, script generated (kicad-library-utils/schlib/autogen/connector/)"/>
      <sheetpath names="/" tstamps="/"/>
      <tstamp>5FE42075</tstamp>
    </comp>
    <comp ref="J22">
      <value>ANALOG_B</value>
      <footprint>PT_Library_v001:Molex_1x08_P2.54mm_Vertical</footprint>
      <datasheet>~</datasheet>
      <libsource lib="Connector" part="Conn_01x08_Female" description="Generic connector, single row, 01x08, script generated (kicad-library-utils/schlib/autogen/connector/)"/>
      <sheetpath names="/" tstamps="/"/>
      <tstamp>5FE436ED</tstamp>
    </comp>
    <comp ref="J20">
      <value>DIGITAL_IN</value>
      <footprint>Connector_IDC:IDC-Header_2x17_P2.54mm_Vertical</footprint>
      <datasheet>~</datasheet>
      <libsource lib="Connector" part="Conn_01x34_Female" description="Generic connector, single row, 01x34, script generated (kicad-library-utils/schlib/autogen/connector/)"/>
      <sheetpath names="/" tstamps="/"/>
      <tstamp>5FDEE968</tstamp>
    </comp>
    <comp ref="J31">
      <value>ROWS</value>
      <footprint>Connector_PinHeader_2.54mm:PinHeader_1x16_P2.54mm_Vertical</footprint>
      <datasheet>~</datasheet>
      <libsource lib="Connector" part="Conn_01x16_Female" description="Generic connector, single row, 01x16, script generated (kicad-library-utils/schlib/autogen/connector/)"/>
      <sheetpath names="/" tstamps="/"/>
      <tstamp>5FE0BAEB</tstamp>
    </comp>
    <comp ref="J32">
      <value>COLUMNS</value>
      <footprint>Connector_PinHeader_2.54mm:PinHeader_1x11_P2.54mm_Vertical</footprint>
      <datasheet>~</datasheet>
      <libsource lib="Connector" part="Conn_01x11_Female" description="Generic connector, single row, 01x11, script generated (kicad-library-utils/schlib/autogen/connector/)"/>
      <sheetpath names="/" tstamps="/"/>
      <tstamp>5FE0E409</tstamp>
    </comp>
    <comp ref="J25">
      <value>ROWS</value>
      <footprint>Connector_PinHeader_2.54mm:PinHeader_1x16_P2.54mm_Vertical</footprint>
      <datasheet>~</datasheet>
      <libsource lib="Connector" part="Conn_01x16_Female" description="Generic connector, single row, 01x16, script generated (kicad-library-utils/schlib/autogen/connector/)"/>
      <sheetpath names="/" tstamps="/"/>
      <tstamp>5FE17DE3</tstamp>
    </comp>
    <comp ref="J26">
      <value>COLUMNS</value>
      <footprint>Connector_PinHeader_2.54mm:PinHeader_1x11_P2.54mm_Vertical</footprint>
      <datasheet>~</datasheet>
      <libsource lib="Connector" part="Conn_01x11_Female" description="Generic connector, single row, 01x11, script generated (kicad-library-utils/schlib/autogen/connector/)"/>
      <sheetpath names="/" tstamps="/"/>
      <tstamp>5FE17DE9</tstamp>
    </comp>
    <comp ref="J23">
      <value>ROWS</value>
      <footprint>Connector_PinHeader_2.54mm:PinHeader_1x16_P2.54mm_Vertical</footprint>
      <datasheet>~</datasheet>
      <libsource lib="Connector" part="Conn_01x16_Female" description="Generic connector, single row, 01x16, script generated (kicad-library-utils/schlib/autogen/connector/)"/>
      <sheetpath names="/" tstamps="/"/>
      <tstamp>5FE18A01</tstamp>
    </comp>
    <comp ref="J24">
      <value>COLUMNS</value>
      <footprint>Connector_PinHeader_2.54mm:PinHeader_1x11_P2.54mm_Vertical</footprint>
      <datasheet>~</datasheet>
      <libsource lib="Connector" part="Conn_01x11_Female" description="Generic connector, single row, 01x11, script generated (kicad-library-utils/schlib/autogen/connector/)"/>
      <sheetpath names="/" tstamps="/"/>
      <tstamp>5FE18A0B</tstamp>
    </comp>
    <comp ref="D1">
      <value>D</value>
      <footprint>PT_Library_v001:D_Signal_P7.62mm_Horizontal</footprint>
      <datasheet>~</datasheet>
      <libsource lib="Device" part="D" description="Diode"/>
      <sheetpath names="/" tstamps="/"/>
      <tstamp>60592261</tstamp>
    </comp>
    <comp ref="J19">
      <value>FIRETEST</value>
      <footprint>PT_Library_v001:Molex_1x03_P2.54mm_Vertical</footprint>
      <datasheet>~</datasheet>
      <libsource lib="Connector" part="Conn_01x03_Female" description="Generic connector, single row, 01x03, script generated (kicad-library-utils/schlib/autogen/connector/)"/>
      <sheetpath names="/" tstamps="/"/>
      <tstamp>60593DBA</tstamp>
    </comp>
    <comp ref="D2">
      <value>D</value>
      <footprint>PT_Library_v001:D_Signal_P7.62mm_Horizontal</footprint>
      <datasheet>~</datasheet>
      <libsource lib="Device" part="D" description="Diode"/>
      <sheetpath names="/" tstamps="/"/>
      <tstamp>60598EEA</tstamp>
    </comp>
    <comp ref="H1">
      <value>MountingHole</value>
      <footprint>MountingHole:MountingHole_3.2mm_M3</footprint>
      <datasheet>~</datasheet>
      <libsource lib="Mechanical" part="MountingHole" description="Mounting Hole without connection"/>
      <sheetpath names="/" tstamps="/"/>
      <tstamp>604EB466</tstamp>
    </comp>
    <comp ref="H2">
      <value>MountingHole</value>
      <footprint>MountingHole:MountingHole_3.2mm_M3</footprint>
      <datasheet>~</datasheet>
      <libsource lib="Mechanical" part="MountingHole" description="Mounting Hole without connection"/>
      <sheetpath names="/" tstamps="/"/>
      <tstamp>604EB842</tstamp>
    </comp>
    <comp ref="H3">
      <value>MountingHole</value>
      <footprint>MountingHole:MountingHole_3.2mm_M3</footprint>
      <datasheet>~</datasheet>
      <libsource lib="Mechanical" part="MountingHole" description="Mounting Hole without connection"/>
      <sheetpath names="/" tstamps="/"/>
      <tstamp>604EC2BE</tstamp>
    </comp>
    <comp ref="H4">
      <value>MountingHole</value>
      <footprint>MountingHole:MountingHole_3.2mm_M3</footprint>
      <datasheet>~</datasheet>
      <libsource lib="Mechanical" part="MountingHole" description="Mounting Hole without connection"/>
      <sheetpath names="/" tstamps="/"/>
      <tstamp>604ECD46</tstamp>
    </comp>
    <comp ref="H5">
      <value>MountingHole</value>
      <footprint>MountingHole:MountingHole_3.2mm_M3</footprint>
      <datasheet>~</datasheet>
      <libsource lib="Mechanical" part="MountingHole" description="Mounting Hole without connection"/>
      <sheetpath names="/" tstamps="/"/>
      <tstamp>604ECD50</tstamp>
    </comp>
    <comp ref="H6">
      <value>MountingHole</value>
      <footprint>MountingHole:MountingHole_3.2mm_M3</footprint>
      <datasheet>~</datasheet>
      <libsource lib="Mechanical" part="MountingHole" description="Mounting Hole without connection"/>
      <sheetpath names="/" tstamps="/"/>
      <tstamp>604ECD5A</tstamp>
    </comp>
    <comp ref="J27">
      <value>SpareA1</value>
      <footprint>PT_Library_v001:Molex_1x10_P2.54mm_Vertical</footprint>
      <datasheet>~</datasheet>
      <libsource lib="Connector" part="Conn_01x10_Female" description="Generic connector, single row, 01x10, script generated (kicad-library-utils/schlib/autogen/connector/)"/>
      <sheetpath names="/" tstamps="/"/>
      <tstamp>60542417</tstamp>
    </comp>
    <comp ref="J29">
      <value>SpareA2</value>
      <footprint>PT_Library_v001:Molex_1x10_P2.54mm_Vertical</footprint>
      <datasheet>~</datasheet>
      <libsource lib="Connector" part="Conn_01x10_Female" description="Generic connector, single row, 01x10, script generated (kicad-library-utils/schlib/autogen/connector/)"/>
      <sheetpath names="/" tstamps="/"/>
      <tstamp>60548F78</tstamp>
    </comp>
    <comp ref="J33">
      <value>SpareA3</value>
      <footprint>PT_Library_v001:Molex_1x10_P2.54mm_Vertical</footprint>
      <datasheet>~</datasheet>
      <libsource lib="Connector" part="Conn_01x10_Female" description="Generic connector, single row, 01x10, script generated (kicad-library-utils/schlib/autogen/connector/)"/>
      <sheetpath names="/" tstamps="/"/>
      <tstamp>60549EB3</tstamp>
    </comp>
    <comp ref="J28">
      <value>SpareB1</value>
      <footprint>PT_Library_v001:Molex_1x10_P2.54mm_Vertical</footprint>
      <datasheet>~</datasheet>
      <libsource lib="Connector" part="Conn_01x10_Female" description="Generic connector, single row, 01x10, script generated (kicad-library-utils/schlib/autogen/connector/)"/>
      <sheetpath names="/" tstamps="/"/>
      <tstamp>6054B29A</tstamp>
    </comp>
    <comp ref="J30">
      <value>SpareB2</value>
      <footprint>PT_Library_v001:Molex_1x10_P2.54mm_Vertical</footprint>
      <datasheet>~</datasheet>
      <libsource lib="Connector" part="Conn_01x10_Female" description="Generic connector, single row, 01x10, script generated (kicad-library-utils/schlib/autogen/connector/)"/>
      <sheetpath names="/" tstamps="/"/>
      <tstamp>6054CC0E</tstamp>
    </comp>
    <comp ref="J34">
      <value>SpareB3</value>
      <footprint>PT_Library_v001:Molex_1x10_P2.54mm_Vertical</footprint>
      <datasheet>~</datasheet>
      <libsource lib="Connector" part="Conn_01x10_Female" description="Generic connector, single row, 01x10, script generated (kicad-library-utils/schlib/autogen/connector/)"/>
      <sheetpath names="/" tstamps="/"/>
      <tstamp>6054DF0C</tstamp>
    </comp>
    <comp ref="H7">
      <value>MountingHole</value>
      <footprint>MountingHole:MountingHole_3.2mm_M3</footprint>
      <datasheet>~</datasheet>
      <libsource lib="Mechanical" part="MountingHole" description="Mounting Hole without connection"/>
      <sheetpath names="/" tstamps="/"/>
      <tstamp>605F60C5</tstamp>
    </comp>
    <comp ref="H8">
      <value>MountingHole</value>
      <footprint>MountingHole:MountingHole_3.2mm_M3</footprint>
      <datasheet>~</datasheet>
      <libsource lib="Mechanical" part="MountingHole" description="Mounting Hole without connection"/>
      <sheetpath names="/" tstamps="/"/>
      <tstamp>605F6C77</tstamp>
    </comp>
  </components>
  <libparts>
    <libpart lib="Connector" part="Conn_01x03_Female">
      <description>Generic connector, single row, 01x03, script generated (kicad-library-utils/schlib/autogen/connector/)</description>
      <docs>~</docs>
      <footprints>
        <fp>Connector*:*_1x??_*</fp>
      </footprints>
      <fields>
        <field name="Reference">J</field>
        <field name="Value">Conn_01x03_Female</field>
      </fields>
      <pins>
        <pin num="1" name="Pin_1" type="passive"/>
        <pin num="2" name="Pin_2" type="passive"/>
        <pin num="3" name="Pin_3" type="passive"/>
      </pins>
    </libpart>
    <libpart lib="Connector" part="Conn_01x04_Female">
      <description>Generic connector, single row, 01x04, script generated (kicad-library-utils/schlib/autogen/connector/)</description>
      <docs>~</docs>
      <footprints>
        <fp>Connector*:*_1x??_*</fp>
      </footprints>
      <fields>
        <field name="Reference">J</field>
        <field name="Value">Conn_01x04_Female</field>
      </fields>
      <pins>
        <pin num="1" name="Pin_1" type="passive"/>
        <pin num="2" name="Pin_2" type="passive"/>
        <pin num="3" name="Pin_3" type="passive"/>
        <pin num="4" name="Pin_4" type="passive"/>
      </pins>
    </libpart>
    <libpart lib="Connector" part="Conn_01x06_Female">
      <description>Generic connector, single row, 01x06, script generated (kicad-library-utils/schlib/autogen/connector/)</description>
      <docs>~</docs>
      <footprints>
        <fp>Connector*:*_1x??_*</fp>
      </footprints>
      <fields>
        <field name="Reference">J</field>
        <field name="Value">Conn_01x06_Female</field>
      </fields>
      <pins>
        <pin num="1" name="Pin_1" type="passive"/>
        <pin num="2" name="Pin_2" type="passive"/>
        <pin num="3" name="Pin_3" type="passive"/>
        <pin num="4" name="Pin_4" type="passive"/>
        <pin num="5" name="Pin_5" type="passive"/>
        <pin num="6" name="Pin_6" type="passive"/>
      </pins>
    </libpart>
    <libpart lib="Connector" part="Conn_01x08_Female">
      <description>Generic connector, single row, 01x08, script generated (kicad-library-utils/schlib/autogen/connector/)</description>
      <docs>~</docs>
      <footprints>
        <fp>Connector*:*_1x??_*</fp>
      </footprints>
      <fields>
        <field name="Reference">J</field>
        <field name="Value">Conn_01x08_Female</field>
      </fields>
      <pins>
        <pin num="1" name="Pin_1" type="passive"/>
        <pin num="2" name="Pin_2" type="passive"/>
        <pin num="3" name="Pin_3" type="passive"/>
        <pin num="4" name="Pin_4" type="passive"/>
        <pin num="5" name="Pin_5" type="passive"/>
        <pin num="6" name="Pin_6" type="passive"/>
        <pin num="7" name="Pin_7" type="passive"/>
        <pin num="8" name="Pin_8" type="passive"/>
      </pins>
    </libpart>
    <libpart lib="Connector" part="Conn_01x10_Female">
      <description>Generic connector, single row, 01x10, script generated (kicad-library-utils/schlib/autogen/connector/)</description>
      <docs>~</docs>
      <footprints>
        <fp>Connector*:*_1x??_*</fp>
      </footprints>
      <fields>
        <field name="Reference">J</field>
        <field name="Value">Conn_01x10_Female</field>
      </fields>
      <pins>
        <pin num="1" name="Pin_1" type="passive"/>
        <pin num="2" name="Pin_2" type="passive"/>
        <pin num="3" name="Pin_3" type="passive"/>
        <pin num="4" name="Pin_4" type="passive"/>
        <pin num="5" name="Pin_5" type="passive"/>
        <pin num="6" name="Pin_6" type="passive"/>
        <pin num="7" name="Pin_7" type="passive"/>
        <pin num="8" name="Pin_8" type="passive"/>
        <pin num="9" name="Pin_9" type="passive"/>
        <pin num="10" name="Pin_10" type="passive"/>
      </pins>
    </libpart>
    <libpart lib="Connector" part="Conn_01x11_Female">
      <description>Generic connector, single row, 01x11, script generated (kicad-library-utils/schlib/autogen/connector/)</description>
      <docs>~</docs>
      <footprints>
        <fp>Connector*:*_1x??_*</fp>
      </footprints>
      <fields>
        <field name="Reference">J</field>
        <field name="Value">Conn_01x11_Female</field>
      </fields>
      <pins>
        <pin num="1" name="Pin_1" type="passive"/>
        <pin num="2" name="Pin_2" type="passive"/>
        <pin num="3" name="Pin_3" type="passive"/>
        <pin num="4" name="Pin_4" type="passive"/>
        <pin num="5" name="Pin_5" type="passive"/>
        <pin num="6" name="Pin_6" type="passive"/>
        <pin num="7" name="Pin_7" type="passive"/>
        <pin num="8" name="Pin_8" type="passive"/>
        <pin num="9" name="Pin_9" type="passive"/>
        <pin num="10" name="Pin_10" type="passive"/>
        <pin num="11" name="Pin_11" type="passive"/>
      </pins>
    </libpart>
    <libpart lib="Connector" part="Conn_01x16_Female">
      <description>Generic connector, single row, 01x16, script generated (kicad-library-utils/schlib/autogen/connector/)</description>
      <docs>~</docs>
      <footprints>
        <fp>Connector*:*_1x??_*</fp>
      </footprints>
      <fields>
        <field name="Reference">J</field>
        <field name="Value">Conn_01x16_Female</field>
      </fields>
      <pins>
        <pin num="1" name="Pin_1" type="passive"/>
        <pin num="2" name="Pin_2" type="passive"/>
        <pin num="3" name="Pin_3" type="passive"/>
        <pin num="4" name="Pin_4" type="passive"/>
        <pin num="5" name="Pin_5" type="passive"/>
        <pin num="6" name="Pin_6" type="passive"/>
        <pin num="7" name="Pin_7" type="passive"/>
        <pin num="8" name="Pin_8" type="passive"/>
        <pin num="9" name="Pin_9" type="passive"/>
        <pin num="10" name="Pin_10" type="passive"/>
        <pin num="11" name="Pin_11" type="passive"/>
        <pin num="12" name="Pin_12" type="passive"/>
        <pin num="13" name="Pin_13" type="passive"/>
        <pin num="14" name="Pin_14" type="passive"/>
        <pin num="15" name="Pin_15" type="passive"/>
        <pin num="16" name="Pin_16" type="passive"/>
      </pins>
    </libpart>
    <libpart lib="Connector" part="Conn_01x34_Female">
      <description>Generic connector, single row, 01x34, script generated (kicad-library-utils/schlib/autogen/connector/)</description>
      <docs>~</docs>
      <footprints>
        <fp>Connector*:*_1x??_*</fp>
      </footprints>
      <fields>
        <field name="Reference">J</field>
        <field name="Value">Conn_01x34_Female</field>
      </fields>
      <pins>
        <pin num="1" name="Pin_1" type="passive"/>
        <pin num="2" name="Pin_2" type="passive"/>
        <pin num="3" name="Pin_3" type="passive"/>
        <pin num="4" name="Pin_4" type="passive"/>
        <pin num="5" name="Pin_5" type="passive"/>
        <pin num="6" name="Pin_6" type="passive"/>
        <pin num="7" name="Pin_7" type="passive"/>
        <pin num="8" name="Pin_8" type="passive"/>
        <pin num="9" name="Pin_9" type="passive"/>
        <pin num="10" name="Pin_10" type="passive"/>
        <pin num="11" name="Pin_11" type="passive"/>
        <pin num="12" name="Pin_12" type="passive"/>
        <pin num="13" name="Pin_13" type="passive"/>
        <pin num="14" name="Pin_14" type="passive"/>
        <pin num="15" name="Pin_15" type="passive"/>
        <pin num="16" name="Pin_16" type="passive"/>
        <pin num="17" name="Pin_17" type="passive"/>
        <pin num="18" name="Pin_18" type="passive"/>
        <pin num="19" name="Pin_19" type="passive"/>
        <pin num="20" name="Pin_20" type="passive"/>
        <pin num="21" name="Pin_21" type="passive"/>
        <pin num="22" name="Pin_22" type="passive"/>
        <pin num="23" name="Pin_23" type="passive"/>
        <pin num="24" name="Pin_24" type="passive"/>
        <pin num="25" name="Pin_25" type="passive"/>
        <pin num="26" name="Pin_26" type="passive"/>
        <pin num="27" name="Pin_27" type="passive"/>
        <pin num="28" name="Pin_28" type="passive"/>
        <pin num="29" name="Pin_29" type="passive"/>
        <pin num="30" name="Pin_30" type="passive"/>
        <pin num="31" name="Pin_31" type="passive"/>
        <pin num="32" name="Pin_32" type="passive"/>
        <pin num="33" name="Pin_33" type="passive"/>
        <pin num="34" name="Pin_34" type="passive"/>
      </pins>
    </libpart>
    <libpart lib="Device" part="D">
      <description>Diode</description>
      <docs>~</docs>
      <footprints>
        <fp>TO-???*</fp>
        <fp>*_Diode_*</fp>
        <fp>*SingleDiode*</fp>
        <fp>D_*</fp>
      </footprints>
      <fields>
        <field name="Reference">D</field>
        <field name="Value">D</field>
      </fields>
      <pins>
        <pin num="1" name="K" type="passive"/>
        <pin num="2" name="A" type="passive"/>
      </pins>
    </libpart>
    <libpart lib="Mechanical" part="MountingHole">
      <description>Mounting Hole without connection</description>
      <docs>~</docs>
      <footprints>
        <fp>MountingHole*</fp>
      </footprints>
      <fields>
        <field name="Reference">H</field>
        <field name="Value">MountingHole</field>
      </fields>
    </libpart>
  </libparts>
  <libraries>
    <library logical="Connector">
      <uri>/Library/Application Support/kicad/library/Connector.lib</uri>
    </library>
    <library logical="Device">
      <uri>/Library/Application Support/kicad/library/Device.lib</uri>
    </library>
    <library logical="Mechanical">
      <uri>/Library/Application Support/kicad/library/Mechanical.lib</uri>
    </library>
  </libraries>
  <nets>
    <net code="1" name="/COL3">
      <node ref="J1" pin="1"/>
      <node ref="J20" pin="21"/>
      <node ref="J24" pin="4"/>
      <node ref="J15" pin="1"/>
      <node ref="J26" pin="4"/>
      <node ref="J16" pin="4"/>
      <node ref="J32" pin="4"/>
      <node ref="J17" pin="1"/>
    </net>
    <net code="2" name="/COL4">
      <node ref="J32" pin="5"/>
      <node ref="J18" pin="1"/>
      <node ref="J17" pin="2"/>
      <node ref="J26" pin="5"/>
      <node ref="J15" pin="2"/>
      <node ref="J20" pin="22"/>
      <node ref="J24" pin="5"/>
      <node ref="J1" pin="2"/>
    </net>
    <net code="3" name="/COL5">
      <node ref="J17" pin="3"/>
      <node ref="J24" pin="6"/>
      <node ref="J32" pin="6"/>
      <node ref="J1" pin="3"/>
      <node ref="J26" pin="6"/>
      <node ref="J20" pin="23"/>
      <node ref="J19" pin="2"/>
      <node ref="J18" pin="2"/>
    </net>
    <net code="4" name="/COL6">
      <node ref="J26" pin="7"/>
      <node ref="J32" pin="7"/>
      <node ref="J20" pin="24"/>
      <node ref="J24" pin="7"/>
      <node ref="J14" pin="1"/>
      <node ref="J13" pin="1"/>
      <node ref="J1" pin="4"/>
    </net>
    <net code="5" name="/COL7">
      <node ref="J1" pin="5"/>
      <node ref="J32" pin="8"/>
      <node ref="J26" pin="8"/>
      <node ref="J20" pin="25"/>
      <node ref="J24" pin="8"/>
      <node ref="J14" pin="2"/>
      <node ref="J13" pin="2"/>
    </net>
    <net code="6" name="/COL8">
      <node ref="J14" pin="3"/>
      <node ref="J6" pin="1"/>
      <node ref="J1" pin="6"/>
      <node ref="J32" pin="9"/>
      <node ref="J20" pin="26"/>
      <node ref="J26" pin="9"/>
      <node ref="J24" pin="9"/>
    </net>
    <net code="7" name="/ANALOG_5V">
      <node ref="J2" pin="1"/>
      <node ref="J10" pin="1"/>
      <node ref="J4" pin="1"/>
      <node ref="J22" pin="1"/>
      <node ref="J7" pin="1"/>
      <node ref="J21" pin="1"/>
    </net>
    <net code="8" name="/ANALOG_GND">
      <node ref="J7" pin="2"/>
      <node ref="J10" pin="3"/>
      <node ref="J21" pin="2"/>
      <node ref="J2" pin="2"/>
      <node ref="J22" pin="2"/>
      <node ref="J4" pin="2"/>
    </net>
    <net code="9" name="/POSITION_DIMMER">
      <node ref="J22" pin="6"/>
      <node ref="J2" pin="3"/>
    </net>
    <net code="10" name="/FORMATION_DIMMER">
      <node ref="J2" pin="4"/>
      <node ref="J22" pin="7"/>
    </net>
    <net code="11" name="/COL9">
      <node ref="J3" pin="1"/>
      <node ref="J20" pin="27"/>
      <node ref="J5" pin="1"/>
      <node ref="J26" pin="10"/>
      <node ref="J6" pin="2"/>
      <node ref="J32" pin="10"/>
      <node ref="J24" pin="10"/>
    </net>
    <net code="12" name="/RUD_TRIM">
      <node ref="J22" pin="5"/>
      <node ref="J4" pin="3"/>
    </net>
    <net code="13" name="/COM_WPN">
      <node ref="J22" pin="4"/>
      <node ref="J7" pin="10"/>
    </net>
    <net code="14" name="/COM_VOX">
      <node ref="J7" pin="3"/>
      <node ref="J21" pin="3"/>
    </net>
    <net code="15" name="/COM_ICS">
      <node ref="J7" pin="4"/>
      <node ref="J21" pin="4"/>
    </net>
    <net code="16" name="/COM_RWR">
      <node ref="J7" pin="5"/>
      <node ref="J21" pin="5"/>
    </net>
    <net code="17" name="/COM_MIDS_A">
      <node ref="J7" pin="6"/>
      <node ref="J21" pin="6"/>
    </net>
    <net code="18" name="/COM_MIDS_B">
      <node ref="J7" pin="7"/>
      <node ref="J21" pin="7"/>
    </net>
    <net code="19" name="/COM_TACAN">
      <node ref="J7" pin="8"/>
      <node ref="J21" pin="8"/>
    </net>
    <net code="20" name="/COM_AUX">
      <node ref="J7" pin="9"/>
      <node ref="J22" pin="3"/>
    </net>
    <net code="21" name="/ROW0">
      <node ref="J23" pin="1"/>
      <node ref="J20" pin="2"/>
      <node ref="J31" pin="1"/>
      <node ref="J1" pin="7"/>
      <node ref="J3" pin="3"/>
      <node ref="J9" pin="1"/>
      <node ref="J25" pin="1"/>
    </net>
    <net code="22" name="/ROW9">
      <node ref="J15" pin="5"/>
      <node ref="J25" pin="10"/>
      <node ref="J9" pin="10"/>
      <node ref="J20" pin="11"/>
      <node ref="J31" pin="10"/>
      <node ref="J23" pin="10"/>
    </net>
    <net code="23" name="/ROW1">
      <node ref="J25" pin="2"/>
      <node ref="J3" pin="4"/>
      <node ref="J20" pin="3"/>
      <node ref="J9" pin="2"/>
      <node ref="J1" pin="8"/>
      <node ref="J23" pin="2"/>
      <node ref="J31" pin="2"/>
    </net>
    <net code="24" name="/ROW2">
      <node ref="J31" pin="3"/>
      <node ref="J20" pin="4"/>
      <node ref="J5" pin="3"/>
      <node ref="J17" pin="4"/>
      <node ref="J9" pin="3"/>
      <node ref="J25" pin="3"/>
      <node ref="J23" pin="3"/>
      <node ref="J14" pin="4"/>
    </net>
    <net code="25" name="/ROW3">
      <node ref="J31" pin="4"/>
      <node ref="J23" pin="4"/>
      <node ref="J14" pin="5"/>
      <node ref="J25" pin="4"/>
      <node ref="J9" pin="4"/>
      <node ref="J17" pin="5"/>
      <node ref="J5" pin="4"/>
      <node ref="J20" pin="5"/>
    </net>
    <net code="26" name="/ROW5">
      <node ref="J20" pin="7"/>
      <node ref="J17" pin="7"/>
      <node ref="J25" pin="6"/>
      <node ref="J13" pin="4"/>
      <node ref="J31" pin="6"/>
      <node ref="J6" pin="4"/>
      <node ref="J23" pin="6"/>
      <node ref="J9" pin="6"/>
      <node ref="J11" pin="3"/>
    </net>
    <net code="27" name="/ROW6">
      <node ref="J17" pin="8"/>
      <node ref="J20" pin="8"/>
      <node ref="J9" pin="7"/>
      <node ref="J25" pin="7"/>
      <node ref="J31" pin="7"/>
      <node ref="J23" pin="7"/>
    </net>
    <net code="28" name="/ROW7">
      <node ref="J25" pin="8"/>
      <node ref="D1" pin="1"/>
      <node ref="J15" pin="3"/>
      <node ref="J20" pin="9"/>
      <node ref="J9" pin="8"/>
      <node ref="J23" pin="8"/>
      <node ref="J31" pin="8"/>
    </net>
    <net code="29" name="/ROW8">
      <node ref="J25" pin="9"/>
      <node ref="D2" pin="1"/>
      <node ref="J15" pin="4"/>
      <node ref="J31" pin="9"/>
      <node ref="J23" pin="9"/>
      <node ref="J9" pin="9"/>
      <node ref="J20" pin="10"/>
    </net>
    <net code="30" name="/COL0">
      <node ref="J20" pin="18"/>
      <node ref="J26" pin="1"/>
      <node ref="J16" pin="1"/>
      <node ref="J32" pin="1"/>
      <node ref="J24" pin="1"/>
      <node ref="J8" pin="1"/>
      <node ref="J12" pin="1"/>
    </net>
    <net code="31" name="/COL1">
      <node ref="J20" pin="19"/>
      <node ref="J12" pin="2"/>
      <node ref="J32" pin="2"/>
      <node ref="J8" pin="2"/>
      <node ref="J24" pin="2"/>
      <node ref="J16" pin="2"/>
      <node ref="J26" pin="2"/>
    </net>
    <net code="32" name="/COL2">
      <node ref="J8" pin="3"/>
      <node ref="J32" pin="3"/>
      <node ref="J20" pin="20"/>
      <node ref="J24" pin="3"/>
      <node ref="J16" pin="3"/>
      <node ref="J26" pin="3"/>
    </net>
    <net code="33" name="/OXY_FLOW">
      <node ref="J10" pin="2"/>
      <node ref="J22" pin="8"/>
    </net>
    <net code="34" name="/COL10">
      <node ref="J11" pin="1"/>
      <node ref="J3" pin="2"/>
      <node ref="J32" pin="11"/>
      <node ref="J24" pin="11"/>
      <node ref="J26" pin="11"/>
      <node ref="J20" pin="28"/>
      <node ref="J5" pin="2"/>
    </net>
    <net code="35" name="/ROW4">
      <node ref="J17" pin="6"/>
      <node ref="J20" pin="6"/>
      <node ref="J23" pin="5"/>
      <node ref="J6" pin="3"/>
      <node ref="J25" pin="5"/>
      <node ref="J11" pin="2"/>
      <node ref="J31" pin="5"/>
      <node ref="J13" pin="3"/>
      <node ref="J9" pin="5"/>
    </net>
    <net code="36" name="/ROW12">
      <node ref="J20" pin="14"/>
      <node ref="J25" pin="13"/>
      <node ref="J23" pin="13"/>
      <node ref="J31" pin="13"/>
      <node ref="J12" pin="3"/>
    </net>
    <net code="37" name="/ROW13">
      <node ref="J12" pin="4"/>
      <node ref="J20" pin="15"/>
      <node ref="J31" pin="14"/>
      <node ref="J23" pin="14"/>
      <node ref="J25" pin="14"/>
    </net>
    <net code="38" name="Net-(J14-Pad6)">
      <node ref="J14" pin="6"/>
    </net>
    <net code="39" name="Net-(J15-Pad6)">
      <node ref="J15" pin="6"/>
    </net>
    <net code="40" name="/ROW10">
      <node ref="J23" pin="11"/>
      <node ref="J20" pin="12"/>
      <node ref="J18" pin="3"/>
      <node ref="J25" pin="11"/>
      <node ref="J31" pin="11"/>
      <node ref="J16" pin="5"/>
    </net>
    <net code="41" name="/ROW11">
      <node ref="J20" pin="13"/>
      <node ref="J23" pin="12"/>
      <node ref="J18" pin="4"/>
      <node ref="J31" pin="12"/>
      <node ref="J25" pin="12"/>
      <node ref="J16" pin="6"/>
    </net>
    <net code="42" name="Net-(J20-Pad1)">
      <node ref="J20" pin="1"/>
    </net>
    <net code="43" name="/ROW14">
      <node ref="J23" pin="15"/>
      <node ref="J20" pin="16"/>
      <node ref="J31" pin="15"/>
      <node ref="J25" pin="15"/>
    </net>
    <net code="44" name="/ROW15">
      <node ref="J25" pin="16"/>
      <node ref="J31" pin="16"/>
      <node ref="J23" pin="16"/>
      <node ref="J20" pin="17"/>
    </net>
    <net code="45" name="Net-(J20-Pad29)">
      <node ref="J20" pin="29"/>
    </net>
    <net code="46" name="Net-(J20-Pad30)">
      <node ref="J20" pin="30"/>
    </net>
    <net code="47" name="Net-(J20-Pad31)">
      <node ref="J20" pin="31"/>
    </net>
    <net code="48" name="Net-(J20-Pad32)">
      <node ref="J20" pin="32"/>
    </net>
    <net code="49" name="Net-(J20-Pad33)">
      <node ref="J20" pin="33"/>
    </net>
    <net code="50" name="Net-(J20-Pad34)">
      <node ref="J20" pin="34"/>
    </net>
    <net code="51" name="Net-(D1-Pad2)">
      <node ref="D1" pin="2"/>
      <node ref="J19" pin="1"/>
    </net>
    <net code="52" name="Net-(D2-Pad2)">
      <node ref="D2" pin="2"/>
      <node ref="J19" pin="3"/>
    </net>
    <net code="53" name="/A1">
      <node ref="J27" pin="1"/>
      <node ref="J33" pin="1"/>
      <node ref="J29" pin="1"/>
    </net>
    <net code="54" name="/A10">
      <node ref="J29" pin="10"/>
      <node ref="J27" pin="10"/>
      <node ref="J33" pin="10"/>
    </net>
    <net code="55" name="/A2">
      <node ref="J29" pin="2"/>
      <node ref="J33" pin="2"/>
      <node ref="J27" pin="2"/>
    </net>
    <net code="56" name="/A3">
      <node ref="J27" pin="3"/>
      <node ref="J29" pin="3"/>
      <node ref="J33" pin="3"/>
    </net>
    <net code="57" name="/A4">
      <node ref="J27" pin="4"/>
      <node ref="J29" pin="4"/>
      <node ref="J33" pin="4"/>
    </net>
    <net code="58" name="/A5">
      <node ref="J27" pin="5"/>
      <node ref="J29" pin="5"/>
      <node ref="J33" pin="5"/>
    </net>
    <net code="59" name="/A6">
      <node ref="J29" pin="6"/>
      <node ref="J33" pin="6"/>
      <node ref="J27" pin="6"/>
    </net>
    <net code="60" name="/A7">
      <node ref="J33" pin="7"/>
      <node ref="J29" pin="7"/>
      <node ref="J27" pin="7"/>
    </net>
    <net code="61" name="/A8">
      <node ref="J33" pin="8"/>
      <node ref="J29" pin="8"/>
      <node ref="J27" pin="8"/>
    </net>
    <net code="62" name="/A9">
      <node ref="J33" pin="9"/>
      <node ref="J29" pin="9"/>
      <node ref="J27" pin="9"/>
    </net>
    <net code="63" name="/B1">
      <node ref="J30" pin="1"/>
      <node ref="J34" pin="1"/>
      <node ref="J28" pin="1"/>
    </net>
    <net code="64" name="/B10">
      <node ref="J28" pin="10"/>
      <node ref="J34" pin="10"/>
      <node ref="J30" pin="10"/>
    </net>
    <net code="65" name="/B2">
      <node ref="J34" pin="2"/>
      <node ref="J28" pin="2"/>
      <node ref="J30" pin="2"/>
    </net>
    <net code="66" name="/B3">
      <node ref="J30" pin="3"/>
      <node ref="J34" pin="3"/>
      <node ref="J28" pin="3"/>
    </net>
    <net code="67" name="/B4">
      <node ref="J28" pin="4"/>
      <node ref="J30" pin="4"/>
      <node ref="J34" pin="4"/>
    </net>
    <net code="68" name="/B5">
      <node ref="J28" pin="5"/>
      <node ref="J30" pin="5"/>
      <node ref="J34" pin="5"/>
    </net>
    <net code="69" name="/B6">
      <node ref="J28" pin="6"/>
      <node ref="J30" pin="6"/>
      <node ref="J34" pin="6"/>
    </net>
    <net code="70" name="/B7">
      <node ref="J28" pin="7"/>
      <node ref="J34" pin="7"/>
      <node ref="J30" pin="7"/>
    </net>
    <net code="71" name="/B8">
      <node ref="J34" pin="8"/>
      <node ref="J30" pin="8"/>
      <node ref="J28" pin="8"/>
    </net>
    <net code="72" name="/B9">
      <node ref="J28" pin="9"/>
      <node ref="J34" pin="9"/>
      <node ref="J30" pin="9"/>
    </net>
  </nets>
</export>
